policy_id,policy_number,customer_id,agent_id,product_id,policy_status,effective_date,expiration_date,annual_premium,written_premium
POL003547,PN-00003547,CUST000298,AGT00176,PROD0037,active,2025-05-24,2026-05-24,6877.81,6650.84
POL002816,PN-00002816,CUST003605,AGT00475,PROD0049,active,2024-01-14,2025-01-13,3470.24,3290.32
POL000221,PN-00000221,CUST003004,AGT00031,PROD0034,expired,2025-05-05,2026-05-05,2837.5,2669.46
POL001624,PN-00001624,CUST002336,AGT00239,PROD0047,renewed,2026-07-14,2027-07-14,11372.48,11080.38
POL002641,PN-00002641,CUST004581,AGT00374,PROD0031,expired,2025-06-14,2026-06-14,9690.96,9332.4
POL003155,PN-00003155,CUST001561,AGT00493,PROD0045,cancelled,2024-02-04,2025-02-03,4568.38,4325.87
POL003377,PN-00003377,CUST000660,AGT00209,PROD0013,renewed,2026-01-18,2027-01-18,365.8,335.84
POL003307,PN-00003307,CUST002346,AGT00385,PROD0037,active,2023-10-05,2024-10-04,3520.93,3513.28
POL001209,PN-00001209,CUST004332,AGT00347,PROD0010,renewed,2024-10-22,2025-10-22,10347.13,9324.01
POL001727,PN-00001727,CUST004143,AGT00454,PROD0040,cancelled,2025-07-01,2026-07-01,7679.95,7453.91
POL003492,PN-00003492,CUST000087,AGT00176,PROD0018,active,2024-05-20,2025-05-20,5205.37,5129.56
POL004046,PN-00004046,CUST002643,AGT00038,PROD0002,renewed,2023-11-14,2024-11-13,6964.62,6513.05
POL000623,PN-00000623,CUST004095,AGT00383,PROD0030,cancelled,2023-03-06,2024-03-05,9370.97,9119.59
POL002677,PN-00002677,CUST001747,AGT00121,PROD0008,active,2025-06-19,2026-06-19,1106.67,1095.08
POL003666,PN-00003666,CUST003644,AGT00404,PROD0005,active,2026-08-28,2027-08-28,6491.04,5906.84
POL003685,PN-00003685,CUST004607,AGT00470,PROD0033,expired,2023-10-20,2024-10-19,10452.34,9898.83
POL001498,PN-00001498,CUST001373,AGT00361,PROD0025,renewed,2024-02-15,2025-02-14,8523.85,8086.86
POL004511,PN-00004511,CUST001309,AGT00426,PROD0015,cancelled,2025-06-17,2026-06-17,3904.14,3690.23
POL002948,PN-00002948,CUST003937,AGT00240,PROD0021,active,2025-05-06,2026-05-06,12784.94,12061.66
POL003092,PN-00003092,CUST004440,AGT00239,PROD0004,renewed,2025-02-07,2026-02-07,1915.76,1782.4
POL003946,PN-00003946,CUST003515,AGT00214,PROD0034,cancelled,2025-08-25,2026-08-25,9737.68,9697.9
POL001625,PN-00001625,CUST000803,AGT00138,PROD0036,cancelled,2024-05-26,2025-05-26,11177.21,11031.28
POL000396,PN-00000396,CUST002833,AGT00330,PROD0015,renewed,2024-01-21,2025-01-20,13037.28,11919.29
POL001317,PN-00001317,CUST003111,AGT00250,PROD0039,cancelled,2025-01-09,2026-01-09,12126.77,11815.58
POL000376,PN-00000376,CUST004658,AGT00187,PROD0050,cancelled,2025-01-13,2026-01-13,7503.11,7161.03
POL004746,PN-00004746,CUST004159,AGT00451,PROD0034,expired,2023-09-22,2024-09-21,14755.08,14099.41
POL002756,PN-00002756,CUST001476,AGT00238,PROD0034,expired,2026-07-20,2027-07-20,8454.84,8345.62
POL002061,PN-00002061,CUST004052,AGT00177,PROD0031,expired,2024-08-22,2025-08-22,4905.63,4553.99
POL003407,PN-00003407,CUST002274,AGT00478,PROD0046,renewed,2025-04-17,2026-04-17,874.34,842.39
POL001005,PN-00001005,CUST004212,AGT00396,PROD0002,active,2025-04-28,2026-04-28,12843.79,11650.75
POL002658,PN-00002658,CUST002709,AGT00281,PROD0025,expired,2026-06-02,2027-06-02,6935.07,6927.2
POL000696,PN-00000696,CUST004866,AGT00123,PROD0031,expired,2024-06-18,2025-06-18,1945.42,1839.46
POL002981,PN-00002981,CUST000578,AGT00070,PROD0025,active,2025-04-05,2026-04-05,6348.0,5957.62
POL002265,PN-00002265,CUST003970,AGT00015,PROD0040,cancelled,2025-07-30,2026-07-30,1789.72,1684.5
POL000646,PN-00000646,CUST004538,AGT00442,PROD0016,active,2023-07-22,2024-07-21,7317.06,6817.49
POL000413,PN-00000413,CUST002301,AGT00236,PROD0014,cancelled,2025-10-09,2026-10-09,7465.01,6821.26
POL002251,PN-00002251,CUST003532,AGT00465,PROD0031,cancelled,2024-01-07,2025-01-06,11515.54,10429.31
POL001288,PN-00001288,CUST004497,AGT00481,PROD0001,expired,2025-11-15,2026-11-15,11047.92,10295.58
POL002299,PN-00002299,CUST003335,AGT00177,PROD0030,active,2025-08-03,2026-08-03,10839.41,10021.16
POL002236,PN-00002236,CUST001399,AGT00355,PROD0003,renewed,2025-01-07,2026-01-07,9081.36,8410.0
POL003825,PN-00003825,CUST000413,AGT00157,PROD0016,active,2026-04-01,2027-04-01,11828.42,11254.79
POL001062,PN-00001062,CUST000265,AGT00291,PROD0040,renewed,2025-03-04,2026-03-04,10194.56,9645.26
POL003771,PN-00003771,CUST002816,AGT00164,PROD0012,cancelled,2023-10-16,2024-10-15,735.19,669.13
POL004861,PN-00004861,CUST000031,AGT00172,PROD0001,cancelled,2025-05-02,2026-05-02,7898.44,7848.06
POL002554,PN-00002554,CUST003720,AGT00318,PROD0046,active,2024-07-14,2025-07-14,9402.58,9213.69
POL001842,PN-00001842,CUST000677,AGT00079,PROD0004,expired,2025-01-24,2026-01-24,14517.29,13660.06
POL003339,PN-00003339,CUST004247,AGT00426,PROD0011,expired,2025-04-16,2026-04-16,3289.4,2983.72
POL004545,PN-00004545,CUST004854,AGT00063,PROD0015,cancelled,2023-03-22,2024-03-21,9532.46,8579.35
POL000182,PN-00000182,CUST004514,AGT00167,PROD0008,active,2024-03-31,2025-03-31,3581.97,3251.6
POL001175,PN-00001175,CUST002956,AGT00262,PROD0046,renewed,2024-08-17,2025-08-17,6011.1,5796.4
POL000506,PN-00000506,CUST004664,AGT00256,PROD0043,active,2026-03-12,2027-03-12,14937.79,14654.59
POL002939,PN-00002939,CUST000808,AGT00485,PROD0045,cancelled,2024-03-10,2025-03-10,1911.82,1861.23
POL004119,PN-00004119,CUST000752,AGT00155,PROD0011,renewed,2025-03-01,2026-03-01,11932.65,11092.41
POL001442,PN-00001442,CUST000247,AGT00052,PROD0017,cancelled,2023-02-04,2024-02-04,13263.12,12881.78
POL001003,PN-00001003,CUST002874,AGT00457,PROD0025,renewed,2024-12-18,2025-12-18,14430.5,14421.7
POL002145,PN-00002145,CUST004075,AGT00218,PROD0008,renewed,2023-02-09,2024-02-09,458.31,428.71
POL000542,PN-00000542,CUST002522,AGT00320,PROD0016,renewed,2024-11-11,2025-11-11,6725.29,6549.83
POL004040,PN-00004040,CUST001977,AGT00182,PROD0003,renewed,2024-04-27,2025-04-27,12169.92,11908.41
POL000172,PN-00000172,CUST002895,AGT00308,PROD0020,active,2023-01-30,2024-01-30,8794.01,8496.62
POL004335,PN-00004335,CUST002733,AGT00479,PROD0033,cancelled,2024-06-12,2025-06-12,13645.63,12736.39
POL001602,PN-00001602,CUST000567,AGT00464,PROD0018,active,2023-01-08,2024-01-08,8411.86,8110.66
POL004924,PN-00004924,CUST001485,AGT00139,PROD0010,active,2024-05-17,2025-05-17,9394.49,9054.94
POL002403,PN-00002403,CUST000534,AGT00175,PROD0005,renewed,2024-03-01,2025-03-01,4862.03,4557.38
POL004584,PN-00004584,CUST000413,AGT00365,PROD0012,renewed,2023-04-13,2024-04-12,7699.71,6963.07
POL000865,PN-00000865,CUST000659,AGT00353,PROD0030,renewed,2024-12-13,2025-12-13,11439.26,11107.93
POL000532,PN-00000532,CUST000212,AGT00322,PROD0035,renewed,2024-10-17,2025-10-17,12147.09,11476.03
POL000892,PN-00000892,CUST003393,AGT00001,PROD0046,renewed,2025-12-28,2026-12-28,9255.54,9151.49
POL002676,PN-00002676,CUST000832,AGT00426,PROD0044,active,2024-10-13,2025-10-13,9454.4,8952.54
POL002681,PN-00002681,CUST002649,AGT00118,PROD0016,expired,2024-04-10,2025-04-10,664.74,659.75
POL004659,PN-00004659,CUST000979,AGT00435,PROD0028,expired,2023-11-11,2024-11-10,9258.37,9005.56
POL001481,PN-00001481,CUST004311,AGT00002,PROD0043,active,2024-01-29,2025-01-28,723.3,694.01
POL001881,PN-00001881,CUST001040,AGT00219,PROD0004,expired,2024-09-18,2025-09-18,8581.44,8257.88
POL002524,PN-00002524,CUST000463,AGT00185,PROD0010,expired,2023-06-03,2024-06-02,7686.14,7163.8
POL001512,PN-00001512,CUST002840,AGT00377,PROD0035,active,2023-02-15,2024-02-15,14706.75,14201.99
POL004943,PN-00004943,CUST001833,AGT00339,PROD0032,expired,2025-02-26,2026-02-26,909.67,847.76
POL000888,PN-00000888,CUST004390,AGT00469,PROD0013,active,2026-07-26,2027-07-26,13365.04,13037.15
POL003792,PN-00003792,CUST001587,AGT00085,PROD0042,active,2025-05-05,2026-05-05,11013.82,10612.55
POL004819,PN-00004819,CUST003934,AGT00109,PROD0034,expired,2025-12-13,2026-12-13,14093.9,13611.07
POL000355,PN-00000355,CUST000979,AGT00415,PROD0009,renewed,2025-04-02,2026-04-02,7875.3,7681.63
POL001700,PN-00001700,CUST000483,AGT00110,PROD0028,renewed,2025-10-12,2026-10-12,4579.72,4324.22
POL004212,PN-00004212,CUST001280,AGT00088,PROD0013,renewed,2023-12-17,2024-12-16,11926.21,11891.0
POL000524,PN-00000524,CUST000021,AGT00446,PROD0028,expired,2024-01-29,2025-01-28,8625.47,8083.77
POL004413,PN-00004413,CUST004102,AGT00014,PROD0045,active,2026-01-01,2027-01-01,11577.79,11107.14
POL001305,PN-00001305,CUST003090,AGT00372,PROD0004,renewed,2026-01-24,2027-01-24,10651.8,10134.01
POL000781,PN-00000781,CUST003649,AGT00245,PROD0031,active,2023-08-16,2024-08-15,4293.87,4210.12
POL003056,PN-00003056,CUST004811,AGT00189,PROD0021,cancelled,2023-01-11,2024-01-11,11376.34,10787.98
POL000467,PN-00000467,CUST002630,AGT00018,PROD0030,cancelled,2023-11-06,2024-11-05,13483.93,12274.03
POL002101,PN-00002101,CUST002871,AGT00204,PROD0011,renewed,2023-05-11,2024-05-10,8826.79,8471.89
POL000862,PN-00000862,CUST002949,AGT00296,PROD0031,renewed,2023-11-12,2024-11-11,10173.89,9762.83
POL000338,PN-00000338,CUST003050,AGT00069,PROD0027,cancelled,2023-08-14,2024-08-13,4934.95,4658.82
POL004487,PN-00004487,CUST004156,AGT00298,PROD0043,active,2025-09-02,2026-09-02,14163.47,13665.4
POL001048,PN-00001048,CUST001922,AGT00140,PROD0001,renewed,2023-06-16,2024-06-15,314.83,295.69
POL002905,PN-00002905,CUST001418,AGT00121,PROD0036,expired,2025-06-17,2026-06-17,12267.21,12211.26
POL003273,PN-00003273,CUST004525,AGT00072,PROD0041,expired,2024-07-03,2025-07-03,6502.42,5983.87
POL000308,PN-00000308,CUST004603,AGT00258,PROD0043,expired,2024-11-07,2025-11-07,11312.62,10355.42
POL004032,PN-00004032,CUST000804,AGT00332,PROD0043,active,2026-01-12,2027-01-12,7493.48,7231.81
POL000788,PN-00000788,CUST004631,AGT00461,PROD0022,renewed,2024-03-17,2025-03-17,11771.1,10782.97
POL000882,PN-00000882,CUST003569,AGT00362,PROD0027,cancelled,2023-11-07,2024-11-06,14743.68,14560.8
POL000504,PN-00000504,CUST003901,AGT00098,PROD0030,renewed,2025-05-20,2026-05-20,3939.0,3724.58
POL003891,PN-00003891,CUST002686,AGT00151,PROD0015,cancelled,2025-01-18,2026-01-18,9851.61,9026.72
POL000949,PN-00000949,CUST001039,AGT00215,PROD0048,renewed,2025-12-13,2026-12-13,8054.29,7480.29
POL004084,PN-00004084,CUST002156,AGT00333,PROD0008,expired,2024-09-03,2025-09-03,4713.73,4413.37
POL002043,PN-00002043,CUST004272,AGT00316,PROD0022,renewed,2025-10-26,2026-10-26,11743.07,11281.47
POL001910,PN-00001910,CUST001750,AGT00406,PROD0022,active,2024-07-21,2025-07-21,9529.69,8904.09
POL002945,PN-00002945,CUST003991,AGT00339,PROD0003,expired,2023-05-17,2024-05-16,994.18,913.91
POL001640,PN-00001640,CUST003563,AGT00225,PROD0042,expired,2026-07-06,2027-07-06,10119.37,9392.61
POL001357,PN-00001357,CUST003099,AGT00043,PROD0027,expired,2023-12-25,2024-12-24,13298.23,12038.95
POL004572,PN-00004572,CUST004175,AGT00242,PROD0036,cancelled,2025-06-13,2026-06-13,12463.65,12391.27
POL000188,PN-00000188,CUST004005,AGT00272,PROD0031,active,2023-08-15,2024-08-14,9041.11,8377.75
POL002523,PN-00002523,CUST004721,AGT00493,PROD0016,renewed,2023-01-16,2024-01-16,11777.96,11250.89
POL004364,PN-00004364,CUST004974,AGT00437,PROD0014,active,2023-06-15,2024-06-14,9406.79,9000.05
POL001948,PN-00001948,CUST003114,AGT00038,PROD0004,expired,2023-11-01,2024-10-31,14487.79,13998.1
POL001545,PN-00001545,CUST002163,AGT00280,PROD0040,cancelled,2023-01-06,2024-01-06,13031.2,12160.51
POL004058,PN-00004058,CUST002393,AGT00051,PROD0020,renewed,2025-03-02,2026-03-02,5414.8,5226.0
POL003962,PN-00003962,CUST003101,AGT00343,PROD0031,cancelled,2023-03-11,2024-03-10,13128.14,12680.19
POL004247,PN-00004247,CUST002351,AGT00354,PROD0041,cancelled,2023-09-30,2024-09-29,2063.93,1877.16
POL000317,PN-00000317,CUST001293,AGT00180,PROD0025,renewed,2023-05-01,2024-04-30,987.1,908.23
POL001088,PN-00001088,CUST003930,AGT00249,PROD0046,active,2026-04-22,2027-04-22,14632.05,14195.52
POL004753,PN-00004753,CUST003296,AGT00425,PROD0012,renewed,2023-08-06,2024-08-05,440.66,433.1
POL002957,PN-00002957,CUST001390,AGT00089,PROD0002,renewed,2025-05-02,2026-05-02,12195.45,11388.52
POL004669,PN-00004669,CUST003330,AGT00359,PROD0044,expired,2023-08-20,2024-08-19,14121.37,13950.05
POL001778,PN-00001778,CUST003881,AGT00433,PROD0006,active,2024-04-25,2025-04-25,11208.17,10308.7
POL001711,PN-00001711,CUST001384,AGT00239,PROD0045,active,2025-06-28,2026-06-28,2243.83,2023.63
POL002929,PN-00002929,CUST004442,AGT00354,PROD0015,renewed,2024-04-02,2025-04-02,7368.95,7105.29
POL003501,PN-00003501,CUST004055,AGT00274,PROD0014,cancelled,2024-12-17,2025-12-17,593.94,552.42
POL003639,PN-00003639,CUST000353,AGT00260,PROD0020,renewed,2026-08-10,2027-08-10,9760.39,9426.76
POL001644,PN-00001644,CUST000859,AGT00058,PROD0048,renewed,2025-11-08,2026-11-08,7390.79,6670.57
POL001023,PN-00001023,CUST002328,AGT00229,PROD0035,active,2025-10-08,2026-10-08,14378.8,13865.16
POL000131,PN-00000131,CUST000804,AGT00299,PROD0041,expired,2024-12-02,2025-12-02,997.31,903.02
POL004322,PN-00004322,CUST002576,AGT00398,PROD0023,cancelled,2023-11-17,2024-11-16,12780.92,12284.24
POL003136,PN-00003136,CUST000350,AGT00346,PROD0040,expired,2025-05-13,2026-05-13,11103.46,10964.0
POL000842,PN-00000842,CUST004564,AGT00365,PROD0002,cancelled,2023-03-08,2024-03-07,14365.76,13004.74
POL002841,PN-00002841,CUST004766,AGT00092,PROD0018,renewed,2023-10-09,2024-10-08,6892.09,6385.77
POL001562,PN-00001562,CUST003812,AGT00139,PROD0050,expired,2024-03-01,2025-03-01,5194.26,4984.89
POL004388,PN-00004388,CUST001583,AGT00401,PROD0030,expired,2026-09-12,2027-09-12,4980.52,4586.27
POL003169,PN-00003169,CUST000394,AGT00421,PROD0022,expired,2024-01-16,2025-01-15,9830.01,9153.06
POL004500,PN-00004500,CUST002486,AGT00024,PROD0006,cancelled,2025-11-09,2026-11-09,8322.09,7960.27
POL003106,PN-00003106,CUST000570,AGT00018,PROD0001,active,2025-05-02,2026-05-02,8922.4,8577.3
POL002557,PN-00002557,CUST003721,AGT00048,PROD0003,cancelled,2023-01-08,2024-01-08,13054.86,12948.74
POL004847,PN-00004847,CUST003821,AGT00168,PROD0021,cancelled,2023-05-05,2024-05-04,11272.99,11233.38
POL004967,PN-00004967,CUST003047,AGT00173,PROD0002,active,2023-09-08,2024-09-07,3325.46,3094.37
POL000147,PN-00000147,CUST002333,AGT00045,PROD0010,renewed,2026-07-28,2027-07-28,7057.22,6621.69
POL001383,PN-00001383,CUST001800,AGT00428,PROD0015,cancelled,2026-05-02,2027-05-02,3871.34,3564.54
POL001915,PN-00001915,CUST004815,AGT00090,PROD0007,active,2026-07-31,2027-07-31,2996.54,2803.98
POL000541,PN-00000541,CUST000190,AGT00208,PROD0037,renewed,2026-06-29,2027-06-29,10322.03,9609.98
POL001695,PN-00001695,CUST000768,AGT00231,PROD0029,renewed,2024-07-25,2025-07-25,8583.33,8561.08
POL004955,PN-00004955,CUST000296,AGT00419,PROD0002,expired,2026-05-26,2027-05-26,2890.21,2718.97
POL002924,PN-00002924,CUST003126,AGT00275,PROD0027,expired,2025-02-14,2026-02-14,7162.09,6740.77
POL002024,PN-00002024,CUST001154,AGT00438,PROD0004,cancelled,2024-07-12,2025-07-12,1609.37,1475.74
POL004697,PN-00004697,CUST000334,AGT00132,PROD0050,expired,2025-06-28,2026-06-28,9883.28,8956.05
POL004606,PN-00004606,CUST001193,AGT00354,PROD0033,renewed,2024-02-04,2025-02-03,10911.94,10706.78
POL000925,PN-00000925,CUST003110,AGT00220,PROD0033,cancelled,2024-09-12,2025-09-12,7169.34,6920.07
POL001698,PN-00001698,CUST003652,AGT00182,PROD0042,renewed,2023-09-28,2024-09-27,13429.06,12156.57
POL003351,PN-00003351,CUST000629,AGT00091,PROD0006,active,2023-11-27,2024-11-26,13504.74,12581.11
POL004000,PN-00004000,CUST002746,AGT00415,PROD0045,expired,2023-09-06,2024-09-05,11988.71,11092.85
POL002464,PN-00002464,CUST003167,AGT00455,PROD0021,renewed,2024-03-15,2025-03-15,362.57,335.76
POL004237,PN-00004237,CUST004105,AGT00464,PROD0046,active,2026-03-16,2027-03-16,5592.71,5180.87
POL002832,PN-00002832,CUST003765,AGT00015,PROD0008,cancelled,2024-04-09,2025-04-09,9738.42,9448.61
POL002438,PN-00002438,CUST000349,AGT00160,PROD0004,renewed,2023-03-02,2024-03-01,13054.45,11884.77
POL004153,PN-00004153,CUST004188,AGT00051,PROD0019,renewed,2023-06-11,2024-06-10,4377.76,4132.14
POL002221,PN-00002221,CUST002558,AGT00123,PROD0038,cancelled,2025-08-30,2026-08-30,14907.79,14234.99
POL003516,PN-00003516,CUST001178,AGT00034,PROD0047,renewed,2023-01-16,2024-01-16,12805.78,11771.42
POL003695,PN-00003695,CUST004386,AGT00439,PROD0050,active,2023-03-01,2024-02-29,7511.56,7443.59
POL004578,PN-00004578,CUST002723,AGT00425,PROD0042,renewed,2026-06-02,2027-06-02,8288.31,7914.75
POL002883,PN-00002883,CUST004403,AGT00441,PROD0029,renewed,2025-10-17,2026-10-17,7298.75,7017.38
POL002192,PN-00002192,CUST000357,AGT00228,PROD0020,renewed,2023-05-21,2024-05-20,9108.23,8394.63
POL004962,PN-00004962,CUST000626,AGT00055,PROD0025,expired,2024-11-06,2025-11-06,3469.08,3420.52
POL001850,PN-00001850,CUST002678,AGT00453,PROD0016,renewed,2026-03-17,2027-03-17,5962.25,5867.97
POL001934,PN-00001934,CUST004058,AGT00424,PROD0003,active,2024-08-10,2025-08-10,3489.73,3465.92
POL002180,PN-00002180,CUST004662,AGT00132,PROD0038,renewed,2023-01-04,2024-01-04,14137.4,13183.92
POL003632,PN-00003632,CUST004613,AGT00491,PROD0027,active,2023-09-14,2024-09-13,10941.01,10176.66
POL000497,PN-00000497,CUST000551,AGT00293,PROD0015,cancelled,2024-07-21,2025-07-21,4752.88,4415.64
POL004115,PN-00004115,CUST000290,AGT00084,PROD0001,expired,2023-08-17,2024-08-16,13718.8,12867.72
POL002331,PN-00002331,CUST004875,AGT00427,PROD0021,cancelled,2024-09-28,2025-09-28,13119.47,12505.88
POL003394,PN-00003394,CUST004143,AGT00417,PROD0021,renewed,2024-02-03,2025-02-02,13349.37,13341.74
POL003712,PN-00003712,CUST002063,AGT00290,PROD0009,renewed,2023-10-22,2024-10-21,11347.37,10915.07
POL000171,PN-00000171,CUST001435,AGT00184,PROD0041,renewed,2023-05-19,2024-05-18,1822.4,1675.94
POL001136,PN-00001136,CUST004493,AGT00456,PROD0033,expired,2025-11-28,2026-11-28,14058.92,13391.52
POL001990,PN-00001990,CUST001739,AGT00468,PROD0009,cancelled,2026-09-10,2027-09-10,356.14,327.41
POL003505,PN-00003505,CUST000176,AGT00478,PROD0022,renewed,2024-07-23,2025-07-23,10479.51,10373.06
POL004638,PN-00004638,CUST003158,AGT00030,PROD0026,active,2026-03-10,2027-03-10,6218.17,5787.62
POL002009,PN-00002009,CUST002134,AGT00444,PROD0014,active,2024-05-12,2025-05-12,14070.76,13993.39
POL004080,PN-00004080,CUST001336,AGT00165,PROD0035,active,2024-10-14,2025-10-14,13063.3,12179.72
POL004280,PN-00004280,CUST003673,AGT00340,PROD0023,cancelled,2025-03-02,2026-03-02,5702.55,5323.96
POL002186,PN-00002186,CUST000803,AGT00115,PROD0050,expired,2025-06-13,2026-06-13,10632.7,9931.19
POL003108,PN-00003108,CUST003856,AGT00302,PROD0049,cancelled,2023-12-11,2024-12-10,6023.55,5594.71
POL003418,PN-00003418,CUST004989,AGT00391,PROD0019,active,2023-11-28,2024-11-27,5510.7,5044.57
POL003679,PN-00003679,CUST004183,AGT00153,PROD0005,cancelled,2025-03-04,2026-03-04,10912.65,10776.6
POL002203,PN-00002203,CUST002529,AGT00101,PROD0013,renewed,2024-08-04,2025-08-04,8588.42,8341.32
POL003026,PN-00003026,CUST003102,AGT00481,PROD0014,active,2026-05-10,2027-05-10,2555.22,2462.46
POL001228,PN-00001228,CUST003535,AGT00018,PROD0023,renewed,2026-07-08,2027-07-08,1575.2,1491.84
POL001692,PN-00001692,CUST000395,AGT00191,PROD0001,renewed,2024-01-04,2025-01-03,9064.52,8557.1
POL001291,PN-00001291,CUST001693,AGT00348,PROD0006,expired,2024-04-26,2025-04-26,2180.2,1969.22
POL004492,PN-00004492,CUST001863,AGT00383,PROD0006,cancelled,2025-08-20,2026-08-20,10959.83,10630.64
POL003210,PN-00003210,CUST000151,AGT00342,PROD0001,expired,2026-05-10,2027-05-10,14192.24,13465.23
POL004588,PN-00004588,CUST002832,AGT00483,PROD0003,cancelled,2024-05-29,2025-05-29,14830.3,14463.03
POL003930,PN-00003930,CUST004132,AGT00357,PROD0016,renewed,2024-03-15,2025-03-15,2873.98,2695.59
POL004373,PN-00004373,CUST004480,AGT00365,PROD0039,expired,2026-01-10,2027-01-10,1730.29,1639.06
POL001379,PN-00001379,CUST004767,AGT00014,PROD0003,active,2024-05-06,2025-05-06,11457.39,11395.05
POL003793,PN-00003793,CUST001010,AGT00402,PROD0001,cancelled,2024-06-24,2025-06-24,11554.94,11340.09
POL001060,PN-00001060,CUST004721,AGT00031,PROD0018,expired,2023-08-31,2024-08-30,2058.49,1943.85
POL001518,PN-00001518,CUST001730,AGT00195,PROD0010,cancelled,2024-07-13,2025-07-13,10644.67,10240.89
POL004665,PN-00004665,CUST002682,AGT00451,PROD0049,expired,2024-04-22,2025-04-22,13392.6,12683.35
POL003736,PN-00003736,CUST003354,AGT00338,PROD0004,renewed,2025-04-01,2026-04-01,3545.53,3541.09
POL002532,PN-00002532,CUST000388,AGT00427,PROD0024,renewed,2025-03-14,2026-03-14,14949.85,13861.82
POL000979,PN-00000979,CUST003276,AGT00292,PROD0007,cancelled,2023-04-04,2024-04-03,11317.41,10895.49
POL000600,PN-00000600,CUST002548,AGT00442,PROD0032,active,2026-02-04,2027-02-04,9694.73,8865.45
POL003462,PN-00003462,CUST000355,AGT00299,PROD0035,active,2023-04-20,2024-04-19,12319.01,12097.2
POL003428,PN-00003428,CUST000845,AGT00429,PROD0032,renewed,2024-08-10,2025-08-10,1351.16,1329.5
POL004624,PN-00004624,CUST003532,AGT00208,PROD0012,renewed,2023-10-22,2024-10-21,7640.08,6942.68
POL004396,PN-00004396,CUST003058,AGT00455,PROD0018,renewed,2026-04-18,2027-04-18,6067.42,6006.46
POL004804,PN-00004804,CUST004814,AGT00346,PROD0035,cancelled,2026-01-24,2027-01-24,7059.57,6801.11
POL004085,PN-00004085,CUST000409,AGT00291,PROD0044,expired,2025-02-20,2026-02-20,8811.18,8618.39
POL001074,PN-00001074,CUST003682,AGT00041,PROD0027,active,2024-10-29,2025-10-29,1122.27,1085.25
POL004732,PN-00004732,CUST001638,AGT00381,PROD0013,renewed,2025-09-27,2026-09-27,3294.67,3282.7
POL001534,PN-00001534,CUST002887,AGT00134,PROD0026,expired,2026-08-05,2027-08-05,4195.78,3876.34
POL002322,PN-00002322,CUST003073,AGT00172,PROD0026,expired,2026-03-04,2027-03-04,4549.78,4387.46
POL000673,PN-00000673,CUST000113,AGT00141,PROD0007,cancelled,2024-10-22,2025-10-22,9619.78,9272.24
POL004957,PN-00004957,CUST004867,AGT00160,PROD0019,renewed,2024-07-13,2025-07-13,11077.64,10839.55
POL004633,PN-00004633,CUST002468,AGT00410,PROD0034,cancelled,2026-07-27,2027-07-27,1374.51,1363.28
POL001284,PN-00001284,CUST001418,AGT00317,PROD0022,active,2026-04-18,2027-04-18,8464.25,8390.73
POL002777,PN-00002777,CUST002413,AGT00488,PROD0008,cancelled,2025-09-04,2026-09-04,11113.43,10962.56
POL002950,PN-00002950,CUST002945,AGT00197,PROD0026,active,2023-07-25,2024-07-24,1548.67,1422.74
POL002050,PN-00002050,CUST003973,AGT00326,PROD0045,cancelled,2025-08-10,2026-08-10,14879.69,13690.89
POL000285,PN-00000285,CUST003417,AGT00235,PROD0035,active,2023-05-19,2024-05-18,9166.37,9004.02
POL001831,PN-00001831,CUST004059,AGT00023,PROD0017,cancelled,2025-04-23,2026-04-23,4361.25,4065.86
POL001289,PN-00001289,CUST000985,AGT00008,PROD0034,expired,2025-04-26,2026-04-26,11717.47,11266.02
POL003475,PN-00003475,CUST001747,AGT00193,PROD0010,renewed,2024-04-14,2025-04-14,14921.73,13933.82
POL002117,PN-00002117,CUST001430,AGT00298,PROD0044,expired,2024-07-30,2025-07-30,4202.18,4193.38
POL004836,PN-00004836,CUST002523,AGT00244,PROD0022,cancelled,2023-01-28,2024-01-28,12134.69,12005.72
POL002943,PN-00002943,CUST004499,AGT00482,PROD0020,renewed,2023-12-29,2024-12-28,9357.23,9311.47
POL002720,PN-00002720,CUST001142,AGT00304,PROD0041,expired,2023-11-12,2024-11-11,14728.81,13940.37
POL003730,PN-00003730,CUST004778,AGT00048,PROD0027,active,2025-03-04,2026-03-04,6757.32,6616.77
POL004781,PN-00004781,CUST001887,AGT00239,PROD0014,expired,2025-07-20,2026-07-20,3352.29,3301.66
POL004363,PN-00004363,CUST002199,AGT00167,PROD0049,cancelled,2025-04-10,2026-04-10,7807.69,7369.74
POL001632,PN-00001632,CUST000291,AGT00128,PROD0013,active,2025-05-18,2026-05-18,12375.97,12179.65
POL001121,PN-00001121,CUST000617,AGT00409,PROD0012,renewed,2023-11-04,2024-11-03,9924.34,9908.91
POL000705,PN-00000705,CUST002363,AGT00365,PROD0047,active,2023-08-01,2024-07-31,2806.8,2757.06
POL003467,PN-00003467,CUST003562,AGT00431,PROD0050,cancelled,2024-08-23,2025-08-23,4882.25,4677.84
POL003425,PN-00003425,CUST003075,AGT00136,PROD0037,active,2023-08-28,2024-08-27,7464.33,6725.01
POL002696,PN-00002696,CUST000626,AGT00166,PROD0018,cancelled,2023-03-25,2024-03-24,2586.79,2581.61
POL002451,PN-00002451,CUST001755,AGT00227,PROD0033,renewed,2025-01-31,2026-01-31,10535.57,9969.27
POL001194,PN-00001194,CUST003621,AGT00022,PROD0010,expired,2024-02-10,2025-02-09,6449.63,5995.32
POL000114,PN-00000114,CUST002891,AGT00252,PROD0030,active,2025-02-04,2026-02-04,6056.42,5551.44
POL003582,PN-00003582,CUST004153,AGT00144,PROD0032,active,2025-02-04,2026-02-04,13769.1,13070.85
POL002811,PN-00002811,CUST000831,AGT00116,PROD0037,active,2023-08-20,2024-08-19,13826.11,13170.14
POL001944,PN-00001944,CUST002284,AGT00433,PROD0008,cancelled,2023-12-13,2024-12-12,6446.38,6268.44
POL000599,PN-00000599,CUST003254,AGT00020,PROD0010,renewed,2025-04-20,2026-04-20,13718.88,13457.86
POL001726,PN-00001726,CUST004986,AGT00210,PROD0003,active,2023-07-01,2024-06-30,590.06,582.61
POL000253,PN-00000253,CUST000373,AGT00436,PROD0021,cancelled,2023-04-27,2024-04-26,7315.23,7305.61
POL002516,PN-00002516,CUST000649,AGT00163,PROD0028,cancelled,2026-04-10,2027-04-10,5109.07,4844.23
POL001554,PN-00001554,CUST004015,AGT00154,PROD0004,cancelled,2023-10-14,2024-10-13,13628.22,13290.92
POL004416,PN-00004416,CUST000509,AGT00245,PROD0022,expired,2024-04-26,2025-04-26,562.03,558.68
POL004161,PN-00004161,CUST001422,AGT00418,PROD0044,cancelled,2023-09-15,2024-09-14,9227.73,8610.06
POL004956,PN-00004956,CUST003595,AGT00274,PROD0024,cancelled,2023-06-19,2024-06-18,4351.16,4065.56
POL003126,PN-00003126,CUST002868,AGT00280,PROD0020,active,2025-06-21,2026-06-21,8652.22,7862.9
POL001543,PN-00001543,CUST003785,AGT00369,PROD0006,active,2023-06-15,2024-06-14,7941.09,7713.84
POL001071,PN-00001071,CUST001241,AGT00373,PROD0043,cancelled,2023-06-29,2024-06-28,1264.85,1186.66
POL004184,PN-00004184,CUST001195,AGT00087,PROD0047,renewed,2024-07-08,2025-07-08,13302.56,12203.96
POL001598,PN-00001598,CUST001912,AGT00172,PROD0015,renewed,2023-11-28,2024-11-27,9181.24,8370.15
POL004656,PN-00004656,CUST003774,AGT00125,PROD0013,cancelled,2024-02-11,2025-02-10,14909.88,14663.19
POL001591,PN-00001591,CUST000745,AGT00433,PROD0020,expired,2023-10-29,2024-10-28,12550.38,11982.58
POL001033,PN-00001033,CUST004715,AGT00465,PROD0044,renewed,2023-12-10,2024-12-09,10721.09,9956.66
POL003267,PN-00003267,CUST002261,AGT00317,PROD0019,renewed,2023-08-11,2024-08-10,10364.37,10164.99
POL003399,PN-00003399,CUST003908,AGT00473,PROD0044,cancelled,2025-08-04,2026-08-04,643.22,612.4
POL000806,PN-00000806,CUST000740,AGT00357,PROD0025,active,2026-03-28,2027-03-28,9689.01,8834.42
POL001592,PN-00001592,CUST000892,AGT00069,PROD0010,active,2024-03-18,2025-03-18,2618.41,2534.44
POL000817,PN-00000817,CUST003286,AGT00082,PROD0023,renewed,2023-04-06,2024-04-05,14247.21,13324.7
POL004152,PN-00004152,CUST001758,AGT00426,PROD0011,renewed,2024-07-23,2025-07-23,7206.41,6621.26
POL000731,PN-00000731,CUST000120,AGT00147,PROD0024,expired,2025-11-25,2026-11-25,2204.98,2016.21
POL001315,PN-00001315,CUST003622,AGT00358,PROD0005,renewed,2026-08-18,2027-08-18,10310.86,10274.68
POL003924,PN-00003924,CUST004093,AGT00056,PROD0035,renewed,2023-06-14,2024-06-13,10211.35,9554.15
POL004367,PN-00004367,CUST000041,AGT00238,PROD0042,expired,2026-02-06,2027-02-06,4841.39,4772.43
POL002259,PN-00002259,CUST002013,AGT00193,PROD0005,active,2024-03-29,2025-03-29,10354.86,9386.79
POL004415,PN-00004415,CUST000428,AGT00257,PROD0033,renewed,2025-10-25,2026-10-25,471.59,437.42
POL002416,PN-00002416,CUST000435,AGT00109,PROD0006,expired,2023-01-23,2024-01-23,6726.0,6242.7
POL004341,PN-00004341,CUST004635,AGT00228,PROD0017,renewed,2024-11-24,2025-11-24,521.89,501.21
POL004459,PN-00004459,CUST000173,AGT00083,PROD0002,expired,2025-11-10,2026-11-10,2552.8,2465.27
POL004900,PN-00004900,CUST002979,AGT00102,PROD0006,active,2023-09-10,2024-09-09,13735.42,12507.77
POL003523,PN-00003523,CUST001491,AGT00230,PROD0029,expired,2024-06-19,2025-06-19,9870.36,9073.29
POL003663,PN-00003663,CUST000623,AGT00280,PROD0013,expired,2025-01-27,2026-01-27,13213.23,12228.86
POL003085,PN-00003085,CUST004645,AGT00354,PROD0049,expired,2024-11-26,2025-11-26,10195.44,9994.79
POL003586,PN-00003586,CUST004538,AGT00471,PROD0049,renewed,2025-04-27,2026-04-27,6981.44,6651.02
POL001740,PN-00001740,CUST000713,AGT00261,PROD0014,active,2024-02-13,2025-02-12,11747.47,11184.62
POL000934,PN-00000934,CUST004461,AGT00486,PROD0037,renewed,2025-03-04,2026-03-04,465.72,455.24
POL001296,PN-00001296,CUST003231,AGT00031,PROD0022,cancelled,2024-10-06,2025-10-06,7339.02,7131.38
POL003879,PN-00003879,CUST004992,AGT00291,PROD0039,cancelled,2024-08-09,2025-08-09,9983.21,9058.02
POL004443,PN-00004443,CUST003782,AGT00189,PROD0028,expired,2026-07-15,2027-07-15,13775.7,12427.93
POL004752,PN-00004752,CUST004125,AGT00332,PROD0030,renewed,2023-05-19,2024-05-18,8753.51,7947.34
POL001026,PN-00001026,CUST003137,AGT00451,PROD0005,renewed,2026-06-16,2027-06-16,12528.14,12351.96
POL001896,PN-00001896,CUST004226,AGT00206,PROD0001,renewed,2024-01-08,2025-01-07,6214.45,5723.65
POL004285,PN-00004285,CUST002035,AGT00199,PROD0028,active,2025-04-07,2026-04-07,6797.11,6737.81
POL002018,PN-00002018,CUST002383,AGT00435,PROD0025,renewed,2023-06-17,2024-06-16,6636.82,6521.36
POL002994,PN-00002994,CUST000124,AGT00085,PROD0046,renewed,2023-11-17,2024-11-16,8949.81,8353.46
POL002542,PN-00002542,CUST002229,AGT00255,PROD0005,active,2024-09-23,2025-09-23,3053.19,2799.27
POL003981,PN-00003981,CUST001830,AGT00221,PROD0024,cancelled,2026-03-10,2027-03-10,11566.55,10775.32
POL001506,PN-00001506,CUST003834,AGT00290,PROD0021,renewed,2026-07-08,2027-07-08,9982.02,9170.58
POL002499,PN-00002499,CUST002677,AGT00034,PROD0018,expired,2026-06-16,2027-06-16,721.94,704.29
POL002010,PN-00002010,CUST001363,AGT00166,PROD0020,expired,2023-08-09,2024-08-08,7426.04,7087.79
POL004424,PN-00004424,CUST003526,AGT00259,PROD0016,active,2025-08-29,2026-08-29,2362.67,2362.24
