party_id,party_type,display_name,first_name,last_name,organization_name,date_of_birth,email,phone,preferred_contact_method
PTY003310,person,Ryan Rodriguez,Ryan,Rodriguez,,1945-06-24,swarren.updated@example.net,+1-555-3742,email
PTY003120,person,William Hernandez,William,Hernandez,,1986-06-15,melaniegarcia.updated@example.com,+1-555-9374,app
PTY001640,person,Kathy Stewart,Kathy,Stewart,,2006-12-28,gdoyle.updated@example.org,+1-555-8276,mail
PTY004911,person,Matthew Aguilar,Matthew,Aguilar,,2002-06-05,lindsaypark.updated@example.com,+1-555-4363,phone
PTY001465,person,Rachel Shepherd,Rachel,Shepherd,,1963-03-31,mccarthydylan.updated@example.net,+1-555-5323,app
PTY001887,organization,Stevens PLC,,,Stevens PLC,,eric36.updated@example.org,+1-555-7829,app
PTY002036,person,Ryan Park,Ryan,Park,,1952-10-14,sandraevans.updated@example.net,+1-555-8668,phone
PTY001092,organization,Lane PLC,,,Lane PLC,,fflowers.updated@example.com,+1-555-9700,app
PTY000710,person,Rhonda Hart,Rhonda,Hart,,1988-06-29,psherman.updated@example.org,+1-555-5710,phone
PTY002058,person,Christina Webb,Christina,Webb,,1960-05-15,thomas39.updated@example.org,+1-555-4281,mail
PTY003139,person,Sheryl Sullivan,Sheryl,Sullivan,,1961-01-25,campbellemily.updated@example.org,+1-555-1337,sms
PTY004349,organization,Wright-Spears,,,Wright-Spears,,pmartinez.updated@example.com,+1-555-2722,app
PTY004413,person,Jacob Torres,Jacob,Torres,,1947-07-01,ntaylor.updated@example.net,+1-555-6038,email
PTY000736,person,Melinda Avila,Melinda,Avila,,1956-03-15,ralphhuff.updated@example.com,+1-555-2238,mail
PTY005112,person,Rebekah Williamson,Rebekah,Williamson,,1985-02-28,marshalljerry.updated@example.com,+1-555-1523,phone
PTY004009,person,Richard Johnson,Richard,Johnson,,1971-07-26,justin69.updated@example.net,+1-555-1955,sms
PTY001635,organization,Smith Ltd,,,Smith Ltd,,christineblackwell.updated@example.com,+1-555-7828,email
PTY003455,person,Jessica Olsen,Jessica,Olsen,,1946-01-30,sburgess.updated@example.org,+1-555-5910,email
PTY005024,person,Amy Castaneda,Amy,Castaneda,,1973-02-16,kerri30.updated@example.com,+1-555-7049,sms
PTY004821,person,Crystal Dixon,Crystal,Dixon,,1999-09-26,jonathanhiggins.updated@example.com,+1-555-5836,phone
PTY001776,person,Michael Newman,Michael,Newman,,1976-02-27,susan13.updated@example.org,+1-555-4178,sms
PTY003064,person,Justin Contreras,Justin,Contreras,,1964-12-03,john29.updated@example.org,+1-555-2640,phone
PTY003180,person,Daniel Herring,Daniel,Herring,,1978-06-01,harmondonald.updated@example.net,+1-555-7466,sms
PTY001742,person,Brandon Hernandez,Brandon,Hernandez,,2003-11-09,simmonsalyssa.updated@example.org,+1-555-7528,app
PTY001248,organization,"Jackson, Chavez and Taylor",,,"Jackson, Chavez and Taylor",,wilkinsonrussell.updated@example.org,+1-555-3822,app
PTY003781,person,Gregory Young,Gregory,Young,,2004-02-17,sara76.updated@example.org,+1-555-5338,email
PTY005412,person,Cindy Montgomery,Cindy,Montgomery,,1941-04-18,robert88.updated@example.com,+1-555-8550,sms
PTY001467,person,Rachel Murphy,Rachel,Murphy,,1997-12-09,ryan23.updated@example.net,+1-555-6391,email
PTY004645,person,Megan Burton,Megan,Burton,,1941-01-30,esawyer.updated@example.org,+1-555-3104,phone
PTY002776,person,Emily Perez,Emily,Perez,,1981-08-28,ejones.updated@example.net,+1-555-3140,email
PTY000680,person,Tyler Torres,Tyler,Torres,,1983-04-06,regina49.updated@example.com,+1-555-8316,mail
PTY004332,person,Brenda Lewis,Brenda,Lewis,,1982-11-05,briantucker.updated@example.org,+1-555-7373,app
PTY000720,person,Mitchell Thomas,Mitchell,Thomas,,1947-10-09,adamsmith.updated@example.org,+1-555-7851,app
PTY003843,person,Mary Roberts,Mary,Roberts,,1941-03-06,jeremy06.updated@example.com,+1-555-3930,mail
PTY002592,organization,Vazquez-Green,,,Vazquez-Green,,michael25.updated@example.org,+1-555-6895,email
PTY003299,person,James Burke,James,Burke,,1983-05-15,charlesmoore.updated@example.org,+1-555-5098,mail
PTY000350,person,Steven Jones,Steven,Jones,,1996-06-06,sandramendoza.updated@example.com,+1-555-4401,mail
PTY002207,person,Veronica Garza,Veronica,Garza,,1963-08-22,anthonysanchez.updated@example.org,+1-555-5482,mail
PTY004571,person,Samantha Santos,Samantha,Santos,,1951-08-05,alexanderjennings.updated@example.com,+1-555-8588,phone
PTY000063,person,Elizabeth Brooks,Elizabeth,Brooks,,1951-02-04,fjones.updated@example.org,+1-555-7269,app
PTY003484,person,James Lang,James,Lang,,1987-01-28,paul76.updated@example.net,+1-555-4009,sms
PTY001670,person,Anthony Martin,Anthony,Martin,,1946-08-01,waynemcknight.updated@example.org,+1-555-8850,phone
PTY002970,person,Larry Ayers,Larry,Ayers,,1985-06-05,lisadennis.updated@example.net,+1-555-8804,sms
PTY004378,person,Mark Barajas,Mark,Barajas,,1970-08-05,ggreene.updated@example.com,+1-555-3776,phone
PTY000663,person,Cory Lawrence,Cory,Lawrence,,1981-06-03,aevans.updated@example.net,+1-555-2224,email
PTY003786,organization,Lee Inc,,,Lee Inc,,myersamber.updated@example.org,+1-555-9710,app
PTY004249,organization,"Stokes, Diaz and Bell",,,"Stokes, Diaz and Bell",,vanessa41.updated@example.org,+1-555-4925,phone
PTY001623,person,Kyle Johnson,Kyle,Johnson,,1970-05-29,hshannon.updated@example.com,+1-555-8534,app
PTY004961,person,Ariana Singh,Ariana,Singh,,1963-05-08,ashley32.updated@example.net,+1-555-9571,phone
PTY003791,person,Samuel Thomas,Samuel,Thomas,,2004-06-28,ndickerson.updated@example.net,+1-555-1252,email
PTY000421,organization,Campbell Ltd,,,Campbell Ltd,,adrianjoyce.updated@example.net,+1-555-2881,email
PTY002929,person,Belinda Holden,Belinda,Holden,,1949-11-14,ghinton.updated@example.net,+1-555-6402,phone
PTY001058,person,Kyle Torres,Kyle,Torres,,1949-10-18,williamspaul.updated@example.net,+1-555-9095,app
PTY001769,person,Betty Lopez,Betty,Lopez,,1982-01-10,wrightcarolyn.updated@example.com,+1-555-2182,sms
PTY001318,person,Tina Johnson,Tina,Johnson,,1947-12-02,ryan56.updated@example.org,+1-555-6500,email
PTY003619,person,Brandi Wiggins,Brandi,Wiggins,,1961-10-20,katherinejackson.updated@example.net,+1-555-1064,phone
PTY004878,person,Sarah Alexander,Sarah,Alexander,,1968-11-05,millerchristopher.updated@example.org,+1-555-9732,app
PTY001456,person,Lisa Mills,Lisa,Mills,,1988-09-28,rangelteresa.updated@example.net,+1-555-5511,mail
PTY004123,person,Gina Sanchez,Gina,Sanchez,,1940-11-05,blawson.updated@example.net,+1-555-1196,app
PTY005410,person,Robert Jackson,Robert,Jackson,,1942-05-15,nbrown.updated@example.org,+1-555-6227,email
PTY001442,person,Patricia Hughes,Patricia,Hughes,,1968-12-11,brettlee.updated@example.com,+1-555-7781,sms
PTY000304,person,Samantha Zuniga,Samantha,Zuniga,,1989-07-21,veronica90.updated@example.net,+1-555-5285,mail
PTY000900,person,Tracy Harris,Tracy,Harris,,1978-04-28,icooper.updated@example.org,+1-555-3719,sms
PTY000191,organization,"Evans, Brown and Dickerson",,,"Evans, Brown and Dickerson",,victoriacooper.updated@example.net,+1-555-3230,email
PTY001403,person,Shaun Sanders,Shaun,Sanders,,1956-11-20,nelsoncassandra.updated@example.net,+1-555-1778,sms
PTY003881,person,Jennifer Murray,Jennifer,Murray,,1975-09-19,pam28.updated@example.com,+1-555-7508,app
PTY003433,person,Carlos Smith,Carlos,Smith,,2005-05-29,hgarza.updated@example.net,+1-555-1592,sms
PTY000665,person,Cody Atkins,Cody,Atkins,,1964-01-05,jamesrodriguez.updated@example.org,+1-555-1782,mail
PTY003486,person,George Williams,George,Williams,,1958-11-04,meredithwilliams.updated@example.com,+1-555-6609,phone
PTY005178,person,Monique Gutierrez,Monique,Gutierrez,,1996-04-11,williamfletcher.updated@example.org,+1-555-9377,phone
PTY000705,person,Sophia Berry,Sophia,Berry,,2005-04-16,yballard.updated@example.net,+1-555-4767,mail
PTY001171,person,Kyle Watson,Kyle,Watson,,1951-08-08,escobarpatrick.updated@example.net,+1-555-5786,sms
PTY002538,organization,"Walker, Gilbert and Kim",,,"Walker, Gilbert and Kim",,davidsonwilliam.updated@example.net,+1-555-3597,app
PTY005058,organization,Stuart-Garner,,,Stuart-Garner,,jlawrence.updated@example.com,+1-555-8193,email
PTY000047,person,James Greene,James,Greene,,1991-06-30,michellehill.updated@example.com,+1-555-1942,phone
PTY003122,person,Phillip Morrison,Phillip,Morrison,,2004-10-25,gordonkathryn.updated@example.net,+1-555-7843,email
PTY002701,person,Timothy Brewer,Timothy,Brewer,,1984-06-06,stevenjackson.updated@example.com,+1-555-4761,mail
PTY001113,person,Mandy Malone,Mandy,Malone,,1960-08-27,isaiahthomas.updated@example.net,+1-555-4088,sms
PTY004288,person,Daniel Hicks,Daniel,Hicks,,1975-06-01,ellisjason.updated@example.com,+1-555-2919,app
PTY003321,organization,Jones-Ibarra,,,Jones-Ibarra,,rkennedy.updated@example.net,+1-555-8940,sms
PTY001645,person,Joshua Hunt,Joshua,Hunt,,2000-10-29,eblake.updated@example.org,+1-555-3815,mail
PTY000454,person,Wesley Bush,Wesley,Bush,,1941-08-12,andrewblake.updated@example.org,+1-555-5469,sms
PTY005247,person,Deborah Rich,Deborah,Rich,,2008-08-29,charleslindsay.updated@example.org,+1-555-5513,mail
PTY001733,person,Roger Nguyen,Roger,Nguyen,,1959-10-18,anthony60.updated@example.net,+1-555-6982,sms
PTY003629,person,Collin Lee,Collin,Lee,,1962-11-30,gibsonmindy.updated@example.org,+1-555-2157,app
PTY002111,person,Shelby Esparza,Shelby,Esparza,,1981-04-15,olsonjoseph.updated@example.com,+1-555-4247,app
PTY004469,person,Nicholas Lee,Nicholas,Lee,,1968-08-01,heathjon.updated@example.org,+1-555-3844,phone
PTY003311,organization,"Herman, Cooper and Garza",,,"Herman, Cooper and Garza",,morganclark.updated@example.org,+1-555-6794,mail
PTY001036,organization,Rogers-Mcbride,,,Rogers-Mcbride,,michelemartinez.updated@example.org,+1-555-9764,sms
PTY002899,person,Jennifer Cantrell,Jennifer,Cantrell,,1957-12-29,ubeltran.updated@example.com,+1-555-2334,phone
PTY003901,person,Katie Perry,Katie,Perry,,2005-06-16,aprilperez.updated@example.net,+1-555-2860,app
PTY000458,person,William Moss,William,Moss,,1992-06-12,lorileon.updated@example.org,+1-555-3059,phone
PTY001073,organization,Meyer-Carrillo,,,Meyer-Carrillo,,hawkinsamber.updated@example.net,+1-555-3243,sms
PTY004913,person,Deborah Williams,Deborah,Williams,,1966-10-15,candice02.updated@example.net,+1-555-3460,mail
PTY001233,person,Derek Franklin,Derek,Franklin,,1963-10-11,haleysaunders.updated@example.com,+1-555-9934,mail
PTY004982,person,Gabriel Faulkner,Gabriel,Faulkner,,1982-06-30,fowlermichelle.updated@example.net,+1-555-2417,app
PTY003345,person,Jason Turner,Jason,Turner,,1950-05-11,danielchaney.updated@example.com,+1-555-1542,app
PTY001019,person,Timothy Nguyen,Timothy,Nguyen,,1992-01-01,david33.updated@example.net,+1-555-9400,phone
PTY000791,person,Garrett Jones,Garrett,Jones,,2000-01-13,oliverashley.updated@example.net,+1-555-7213,app
PTY000973,person,Steven Pacheco,Steven,Pacheco,,1981-02-08,erin07.updated@example.com,+1-555-3728,app
PTY001177,person,Dana Floyd,Dana,Floyd,,1965-02-26,mariaweaver.updated@example.com,+1-555-6798,mail
PTY002425,person,Olivia Alvarado,Olivia,Alvarado,,1949-05-05,kinglaura.updated@example.net,+1-555-4793,mail
PTY001427,person,Elizabeth Barnett,Elizabeth,Barnett,,1951-06-01,john50.updated@example.net,+1-555-3639,app
PTY003358,person,James Durham,James,Durham,,1955-04-02,sgoodman.updated@example.net,+1-555-6572,sms
PTY001193,person,Theresa Cox,Theresa,Cox,,1991-12-11,cjohnson.updated@example.org,+1-555-1865,phone
PTY001701,person,Bruce Kim,Bruce,Kim,,1952-12-04,ocarr.updated@example.org,+1-555-6609,sms
PTY004596,person,Chase David,Chase,David,,1957-08-02,walkerstephanie.updated@example.net,+1-555-8145,app
PTY002615,person,Jeffrey Perkins,Jeffrey,Perkins,,1969-09-14,averystephanie.updated@example.com,+1-555-4080,phone
PTY004089,organization,Randall Ltd,,,Randall Ltd,,katherine33.updated@example.com,+1-555-6037,mail
PTY001917,person,Francis Delacruz,Francis,Delacruz,,1958-03-12,briandavis.updated@example.net,+1-555-3942,mail
PTY000961,person,Joshua Logan,Joshua,Logan,,1992-11-11,jamesparker.updated@example.net,+1-555-2820,phone
PTY002964,person,George Johnson,George,Johnson,,1996-12-30,michaelsims.updated@example.org,+1-555-3401,mail
PTY001524,person,Matthew Miller,Matthew,Miller,,2004-08-09,thomaserik.updated@example.net,+1-555-9135,app
PTY000594,person,Mary Carter,Mary,Carter,,1957-04-25,john53.updated@example.com,+1-555-9540,mail
PTY004107,person,Frank Hernandez,Frank,Hernandez,,1968-07-11,rwalker.updated@example.com,+1-555-1205,phone
PTY002357,organization,Robinson-Boyer,,,Robinson-Boyer,,beverly50.updated@example.net,+1-555-4786,sms
PTY000092,person,Brittany Carpenter,Brittany,Carpenter,,1952-05-11,megan90.updated@example.org,+1-555-7174,mail
PTY004798,person,Nicholas Reed,Nicholas,Reed,,1987-02-26,hwood.updated@example.org,+1-555-2588,phone
PTY000391,organization,Rios Group,,,Rios Group,,vmelton.updated@example.net,+1-555-4856,sms
PTY002765,person,Aaron Huffman,Aaron,Huffman,,2007-06-08,awalsh.updated@example.org,+1-555-8272,sms
PTY001773,person,Peter Davila,Peter,Davila,,1958-07-25,oalvarez.updated@example.com,+1-555-2313,mail
PTY003089,person,Paula Hall,Paula,Hall,,1940-11-25,greenstacy.updated@example.com,+1-555-3644,sms
PTY003270,person,Joshua Warren,Joshua,Warren,,1995-09-04,smithsamantha.updated@example.org,+1-555-3727,mail
PTY002759,organization,"Gonzalez, Ortega and Hunt",,,"Gonzalez, Ortega and Hunt",,gabriellatorres.updated@example.net,+1-555-8273,app
PTY003272,organization,"Smith, Mendoza and Nelson",,,"Smith, Mendoza and Nelson",,frank52.updated@example.com,+1-555-7113,email
PTY003162,person,Zachary Carter,Zachary,Carter,,1955-09-18,emilyknox.updated@example.org,+1-555-5145,phone
PTY003393,person,Katherine Goodman,Katherine,Goodman,,1943-11-27,xgray.updated@example.net,+1-555-6134,email
PTY003040,person,Heather Gibson,Heather,Gibson,,2000-01-31,timothy51.updated@example.org,+1-555-1747,app
PTY000760,person,Carly Bryant,Carly,Bryant,,1972-11-10,nathanielwinters.updated@example.net,+1-555-7496,phone
PTY001485,person,Jessica Greer,Jessica,Greer,,1958-10-14,tuckerstacey.updated@example.net,+1-555-1333,phone
PTY000308,organization,"Miller, Cross and Fox",,,"Miller, Cross and Fox",,steven18.updated@example.net,+1-555-5925,email
PTY003056,person,Emily Salinas,Emily,Salinas,,1953-03-15,anthony12.updated@example.com,+1-555-3602,email
PTY003266,organization,Robbins Group,,,Robbins Group,,obriensteven.updated@example.com,+1-555-3174,app
PTY003638,person,Dawn Saunders,Dawn,Saunders,,1972-03-26,ethomas.updated@example.com,+1-555-1184,mail
PTY001886,person,Stephanie Ward,Stephanie,Ward,,2004-07-18,mannkenneth.updated@example.org,+1-555-5679,mail
PTY002552,person,Mackenzie Graham,Mackenzie,Graham,,1972-11-02,mhester.updated@example.org,+1-555-5845,phone
PTY005361,person,Adrian White,Adrian,White,,2002-11-19,onguyen.updated@example.org,+1-555-5753,sms
PTY001852,person,Todd Anthony,Todd,Anthony,,1991-11-30,beverlyflores.updated@example.org,+1-555-3025,email
PTY005353,person,Steven Brooks,Steven,Brooks,,2008-02-10,jennifercoffey.updated@example.org,+1-555-9068,mail
PTY002545,person,Joseph Boone,Joseph,Boone,,1995-05-12,bruce94.updated@example.net,+1-555-8004,mail
PTY000867,person,Pamela Rodriguez,Pamela,Rodriguez,,1997-10-25,kellythomas.updated@example.com,+1-555-2184,email
PTY002572,person,Linda Rodriguez,Linda,Rodriguez,,1947-04-05,zachary32.updated@example.com,+1-555-1660,sms
PTY001791,person,Mark Willis,Mark,Willis,,1964-01-31,conradkimberly.updated@example.com,+1-555-6795,mail
PTY002046,person,Melissa Zimmerman,Melissa,Zimmerman,,1999-02-15,perezcody.updated@example.net,+1-555-3686,app
PTY003143,person,William Bowman,William,Bowman,,1946-04-06,morrisonneil.updated@example.org,+1-555-6199,mail
PTY002428,person,Heather Robinson,Heather,Robinson,,1953-02-27,xpeterson.updated@example.org,+1-555-6481,mail
PTY003590,person,Albert Mayo,Albert,Mayo,,1967-10-23,grahamwilliam.updated@example.net,+1-555-6356,mail
PTY000657,organization,Cobb-Lyons,,,Cobb-Lyons,,brooke22.updated@example.net,+1-555-1566,app
PTY003587,person,Tammy Sherman,Tammy,Sherman,,1941-02-04,vkaufman.updated@example.net,+1-555-7171,email
PTY003450,person,Michelle Hicks,Michelle,Hicks,,2006-04-26,kcarey.updated@example.org,+1-555-5434,app
PTY002099,person,Kenneth Arnold,Kenneth,Arnold,,1975-05-14,john78.updated@example.org,+1-555-4713,app
PTY000571,person,Albert Moore,Albert,Moore,,1974-10-11,michaelmccarthy.updated@example.com,+1-555-9978,email
PTY004122,person,Karen Soto,Karen,Soto,,1972-05-23,maryharrison.updated@example.org,+1-555-3469,app
PTY002401,person,Bridget Ruiz,Bridget,Ruiz,,1963-01-22,haguilar.updated@example.org,+1-555-1303,mail
PTY002627,person,Chloe Brown,Chloe,Brown,,1992-02-24,newmanpamela.updated@example.net,+1-555-5731,app
PTY003909,person,Joshua Griffith,Joshua,Griffith,,1981-08-27,darylreyes.updated@example.com,+1-555-7546,sms
PTY004369,person,Tyrone Marshall,Tyrone,Marshall,,1999-08-25,spencerdavid.updated@example.org,+1-555-7866,mail
PTY001043,person,Andrew Gonzalez,Andrew,Gonzalez,,1968-06-29,ualexander.updated@example.net,+1-555-9393,sms
PTY002104,organization,Kane LLC,,,Kane LLC,,kimberly59.updated@example.org,+1-555-4732,sms
PTY003531,person,Rebecca Bryant,Rebecca,Bryant,,1992-10-09,brian82.updated@example.com,+1-555-3853,phone
PTY002383,person,Stacey Parsons,Stacey,Parsons,,1943-08-14,tjackson.updated@example.net,+1-555-9587,sms
PTY003354,person,Brittany Best,Brittany,Best,,1958-04-04,hinesaaron.updated@example.com,+1-555-7656,mail
PTY005393,person,Jennifer Sanchez,Jennifer,Sanchez,,1975-11-04,househarold.updated@example.net,+1-555-1894,phone
PTY005006,person,Alejandra Baker,Alejandra,Baker,,1950-03-28,jroman.updated@example.com,+1-555-4476,email
PTY001306,organization,Sanders-Gonzalez,,,Sanders-Gonzalez,,krista76.updated@example.org,+1-555-4961,mail
PTY002313,organization,Martin-Carlson,,,Martin-Carlson,,efletcher.updated@example.net,+1-555-5256,email
PTY003105,person,Heather Cole,Heather,Cole,,1998-11-02,eking.updated@example.org,+1-555-3684,app
PTY004951,person,Aaron Diaz,Aaron,Diaz,,1967-07-18,zbrandt.updated@example.org,+1-555-2539,phone
PTY005069,person,Amy Jackson,Amy,Jackson,,1965-10-10,christopher87.updated@example.net,+1-555-8122,mail
PTY005463,organization,Dawson Group,,,Dawson Group,,peter42.updated@example.net,+1-555-1070,mail
PTY003605,organization,Hamilton PLC,,,Hamilton PLC,,cgraham.updated@example.net,+1-555-1470,email
PTY001594,person,Kathryn Roberts,Kathryn,Roberts,,1964-06-14,ivankennedy.updated@example.org,+1-555-4310,email
PTY003112,person,Tammy Cooke,Tammy,Cooke,,1953-06-26,ericagardner.updated@example.net,+1-555-3158,mail
PTY002760,person,Larry Compton,Larry,Compton,,1942-09-20,joshuarowland.updated@example.com,+1-555-3944,sms
PTY001620,person,Lisa Peterson,Lisa,Peterson,,1963-05-14,martinezricky.updated@example.net,+1-555-5922,sms
PTY002830,person,Rachel Morse,Rachel,Morse,,1955-01-19,james27.updated@example.org,+1-555-2003,app
PTY000036,person,Wendy Pierce,Wendy,Pierce,,1964-08-25,qnelson.updated@example.org,+1-555-5171,email
PTY005465,person,Donna Marshall,Donna,Marshall,,1991-09-16,downsjustin.updated@example.net,+1-555-4002,mail
PTY002911,person,Ashley Ramirez,Ashley,Ramirez,,1969-10-17,nathan31.updated@example.org,+1-555-8055,mail
PTY002420,person,Stephanie Castro,Stephanie,Castro,,1957-03-29,gilmorematthew.updated@example.org,+1-555-3438,sms
PTY001584,person,Lynn Martinez,Lynn,Martinez,,1966-11-13,littlecourtney.updated@example.net,+1-555-1052,mail
PTY005448,person,Tyler Williams,Tyler,Williams,,1983-09-24,davidunderwood.updated@example.org,+1-555-1583,mail
PTY005471,organization,"Gay, Faulkner and Mccarthy",,,"Gay, Faulkner and Mccarthy",,lucaslauren.updated@example.net,+1-555-9240,sms
PTY001407,person,Michael Miller,Michael,Miller,,1988-04-04,deleontammy.updated@example.org,+1-555-7485,mail
PTY005244,organization,Cruz-Lee,,,Cruz-Lee,,blackwellcharles.updated@example.net,+1-555-8311,mail
PTY002138,person,Angela Moran,Angela,Moran,,1980-11-17,glambert.updated@example.net,+1-555-2212,sms
PTY005384,person,Ann Todd,Ann,Todd,,1961-01-26,shane58.updated@example.com,+1-555-3713,mail
PTY003414,person,Dale Willis,Dale,Willis,,2004-12-26,elainewilliams.updated@example.com,+1-555-4822,app
PTY001895,person,Patricia Wang,Patricia,Wang,,1987-04-12,xsantiago.updated@example.net,+1-555-6592,sms
PTY002831,person,Jason Davis,Jason,Davis,,1951-09-14,brownemily.updated@example.com,+1-555-8121,email
PTY005379,person,Carlos Fox,Carlos,Fox,,1988-08-08,ichase.updated@example.org,+1-555-3164,app
PTY003276,person,Joyce Benson,Joyce,Benson,,2004-01-05,aaron68.updated@example.net,+1-555-8834,app
PTY000030,person,Nicholas Lewis,Nicholas,Lewis,,1962-12-13,kathleen64.updated@example.com,+1-555-2490,email
PTY000921,person,Danny Gonzalez,Danny,Gonzalez,,1941-11-23,iwhite.updated@example.net,+1-555-7055,email
PTY004110,person,Tamara Garcia,Tamara,Garcia,,1986-09-29,nicholas26.updated@example.net,+1-555-9224,mail
PTY004357,person,Heather Delacruz,Heather,Delacruz,,1965-07-21,anna04.updated@example.net,+1-555-3619,mail
PTY001659,person,Justin Guzman,Justin,Guzman,,1964-09-05,chardin.updated@example.org,+1-555-4811,phone
PTY000011,person,Kristen Aguirre,Kristen,Aguirre,,1953-08-31,davisryan.updated@example.com,+1-555-8940,app
PTY004278,organization,"Lester, Guzman and Stewart",,,"Lester, Guzman and Stewart",,lisa14.updated@example.org,+1-555-4414,email
PTY002544,person,William Rivera,William,Rivera,,1989-11-20,michellestone.updated@example.org,+1-555-2645,sms
