address_id,party_id,address_type,line1,city,state_code,postal_code,country_code,is_current
ADDR003575,PTY003575,business,8462 New Address Ln,Fairview,MP,76430,US,True
ADDR001653,PTY001653,business,8332 New Address Ln,Fairview,GU,01298,US,True
ADDR001422,PTY001422,mailing,5917 New Address Ln,Salem,AZ,40798,US,True
ADDR001103,PTY001103,mailing,8554 New Address Ln,Springfield,MA,27662,US,True
ADDR003895,PTY003895,risk_location,3815 New Address Ln,Salem,LA,67626,US,True
ADDR002036,PTY002036,billing,7227 New Address Ln,Fairview,KY,02009,US,True
ADDR001413,PTY001413,business,9486 New Address Ln,Springfield,DE,48505,US,True
ADDR002102,PTY002102,business,5633 New Address Ln,Madison,WY,12429,US,True
ADDR001375,PTY001375,billing,6646 New Address Ln,Salem,CO,65516,US,True
ADDR004226,PTY004226,mailing,1449 New Address Ln,Springfield,WI,40546,US,True
ADDR004133,PTY004133,risk_location,7015 New Address Ln,Springfield,WY,68649,US,True
ADDR004451,PTY004451,business,7075 New Address Ln,Georgetown,PW,14467,US,True
ADDR000633,PTY000633,primary,1847 New Address Ln,Springfield,LA,80048,US,True
ADDR001923,PTY001923,risk_location,178 New Address Ln,Fairview,NY,94111,US,True
ADDR001971,PTY001971,risk_location,1543 New Address Ln,Fairview,AR,03875,US,True
ADDR004297,PTY004297,business,4994 New Address Ln,Fairview,KY,67598,US,True
ADDR001858,PTY001858,primary,1976 New Address Ln,Fairview,FL,64085,US,True
ADDR003449,PTY003449,billing,4324 New Address Ln,Madison,MA,40756,US,True
ADDR003240,PTY003240,mailing,5187 New Address Ln,Fairview,GA,21834,US,True
ADDR004296,PTY004296,primary,9192 New Address Ln,Madison,PW,43059,US,True
ADDR004600,PTY004600,mailing,3212 New Address Ln,Springfield,IN,05373,US,True
ADDR000594,PTY000594,primary,1927 New Address Ln,Riverside,AZ,23794,US,True
ADDR001980,PTY001980,primary,511 New Address Ln,Fairview,LA,52547,US,True
ADDR002053,PTY002053,billing,4978 New Address Ln,Georgetown,SC,11840,US,True
ADDR002655,PTY002655,mailing,5585 New Address Ln,Salem,VI,64676,US,True
ADDR004626,PTY004626,business,801 New Address Ln,Georgetown,WI,71611,US,True
ADDR002738,PTY002738,mailing,4197 New Address Ln,Georgetown,WV,72672,US,True
ADDR004061,PTY004061,billing,8984 New Address Ln,Salem,AL,89193,US,True
ADDR001550,PTY001550,primary,5825 New Address Ln,Fairview,HI,77825,US,True
ADDR000795,PTY000795,risk_location,5803 New Address Ln,Fairview,CO,62586,US,True
ADDR000243,PTY000243,primary,804 New Address Ln,Madison,CT,40656,US,True
ADDR000314,PTY000314,mailing,5426 New Address Ln,Madison,NV,58726,US,True
ADDR003578,PTY003578,billing,9165 New Address Ln,Madison,VA,07282,US,True
ADDR000510,PTY000510,billing,3893 New Address Ln,Fairview,CA,59873,US,True
ADDR002583,PTY002583,business,8670 New Address Ln,Salem,WV,57794,US,True
ADDR001554,PTY001554,risk_location,7057 New Address Ln,Madison,PR,46968,US,True
ADDR000410,PTY000410,billing,7902 New Address Ln,Fairview,SC,31943,US,True
ADDR002400,PTY002400,mailing,9991 New Address Ln,Riverside,WI,35088,US,True
ADDR001517,PTY001517,billing,9232 New Address Ln,Fairview,NJ,91569,US,True
ADDR002198,PTY002198,primary,8585 New Address Ln,Salem,UT,58943,US,True
ADDR002089,PTY002089,billing,5125 New Address Ln,Springfield,CO,42886,US,True
ADDR000084,PTY000084,business,368 New Address Ln,Salem,KS,94464,US,True
ADDR004729,PTY004729,risk_location,9823 New Address Ln,Riverside,WY,47120,US,True
ADDR004345,PTY004345,risk_location,2603 New Address Ln,Fairview,NH,58852,US,True
ADDR002420,PTY002420,business,7245 New Address Ln,Springfield,SD,98773,US,True
ADDR001608,PTY001608,business,1219 New Address Ln,Salem,CT,45456,US,True
ADDR002987,PTY002987,billing,5335 New Address Ln,Madison,AK,87583,US,True
ADDR000935,PTY000935,mailing,9243 New Address Ln,Riverside,NM,62516,US,True
ADDR001305,PTY001305,mailing,6046 New Address Ln,Fairview,AZ,82798,US,True
ADDR002823,PTY002823,primary,9169 New Address Ln,Riverside,TX,15158,US,True
ADDR003189,PTY003189,risk_location,1746 New Address Ln,Madison,ND,82173,US,True
ADDR001166,PTY001166,business,9098 New Address Ln,Riverside,NM,82624,US,True
ADDR002500,PTY002500,primary,639 New Address Ln,Madison,DE,68018,US,True
ADDR004349,PTY004349,mailing,5722 New Address Ln,Georgetown,MA,88294,US,True
ADDR002134,PTY002134,primary,3354 New Address Ln,Madison,GA,59948,US,True
ADDR001623,PTY001623,risk_location,2681 New Address Ln,Springfield,VT,68752,US,True
ADDR003707,PTY003707,business,2976 New Address Ln,Madison,AK,92830,US,True
ADDR000457,PTY000457,mailing,1615 New Address Ln,Georgetown,AK,53767,US,True
ADDR000223,PTY000223,primary,6506 New Address Ln,Georgetown,NH,82099,US,True
ADDR002908,PTY002908,primary,9014 New Address Ln,Salem,AZ,29941,US,True
ADDR001898,PTY001898,business,6317 New Address Ln,Riverside,IN,52733,US,True
ADDR001157,PTY001157,business,9801 New Address Ln,Madison,AK,95112,US,True
ADDR004983,PTY004983,business,6282 New Address Ln,Riverside,MP,41829,US,True
ADDR000642,PTY000642,mailing,1821 New Address Ln,Fairview,OH,15907,US,True
ADDR003110,PTY003110,primary,5862 New Address Ln,Fairview,LA,95706,US,True
ADDR000148,PTY000148,business,1134 New Address Ln,Riverside,MH,18501,US,True
ADDR002940,PTY002940,mailing,1715 New Address Ln,Springfield,MS,58973,US,True
ADDR002605,PTY002605,billing,6124 New Address Ln,Georgetown,WI,88344,US,True
ADDR003075,PTY003075,risk_location,5234 New Address Ln,Salem,VT,54724,US,True
ADDR002007,PTY002007,business,3981 New Address Ln,Salem,PR,58431,US,True
ADDR004410,PTY004410,mailing,2135 New Address Ln,Salem,ND,39115,US,True
ADDR001257,PTY001257,mailing,4840 New Address Ln,Riverside,LA,26341,US,True
ADDR000607,PTY000607,risk_location,6781 New Address Ln,Fairview,NV,54621,US,True
ADDR000177,PTY000177,mailing,2309 New Address Ln,Madison,CO,34463,US,True
ADDR000238,PTY000238,mailing,2224 New Address Ln,Riverside,PR,97992,US,True
ADDR001442,PTY001442,mailing,543 New Address Ln,Salem,IA,83059,US,True
ADDR001736,PTY001736,primary,8420 New Address Ln,Salem,AL,06493,US,True
ADDR001820,PTY001820,primary,4396 New Address Ln,Fairview,NV,81959,US,True
ADDR002815,PTY002815,business,4145 New Address Ln,Georgetown,MI,70894,US,True
ADDR002097,PTY002097,risk_location,8679 New Address Ln,Salem,AL,93216,US,True
ADDR000578,PTY000578,billing,2202 New Address Ln,Riverside,ME,67421,US,True
ADDR000007,PTY000007,business,5069 New Address Ln,Georgetown,GA,94413,US,True
ADDR003556,PTY003556,primary,6389 New Address Ln,Springfield,WA,33163,US,True
ADDR000934,PTY000934,primary,5762 New Address Ln,Springfield,RI,71009,US,True
ADDR003571,PTY003571,billing,8160 New Address Ln,Fairview,VA,83089,US,True
ADDR000664,PTY000664,business,7933 New Address Ln,Madison,OH,29692,US,True
ADDR003030,PTY003030,billing,1186 New Address Ln,Georgetown,LA,39718,US,True
ADDR004073,PTY004073,billing,5040 New Address Ln,Fairview,SD,06886,US,True
ADDR003472,PTY003472,billing,8414 New Address Ln,Springfield,UT,03486,US,True
ADDR004574,PTY004574,risk_location,2178 New Address Ln,Georgetown,NH,35088,US,True
ADDR003079,PTY003079,risk_location,1245 New Address Ln,Riverside,GU,33434,US,True
ADDR004582,PTY004582,primary,9299 New Address Ln,Fairview,UT,03574,US,True
ADDR002154,PTY002154,primary,5920 New Address Ln,Madison,IL,27262,US,True
ADDR002680,PTY002680,billing,8875 New Address Ln,Springfield,WA,94980,US,True
ADDR002826,PTY002826,billing,1158 New Address Ln,Springfield,NE,78342,US,True
ADDR000956,PTY000956,primary,3640 New Address Ln,Madison,TN,52226,US,True
ADDR002239,PTY002239,mailing,355 New Address Ln,Georgetown,ME,71771,US,True
ADDR004352,PTY004352,primary,3418 New Address Ln,Madison,ID,12816,US,True
ADDR001995,PTY001995,business,8696 New Address Ln,Georgetown,WI,78351,US,True
ADDR000528,PTY000528,billing,8236 New Address Ln,Madison,AS,81663,US,True
ADDR000273,PTY000273,risk_location,151 New Address Ln,Fairview,AL,75170,US,True
ADDR001800,PTY001800,business,831 New Address Ln,Salem,DC,32889,US,True
ADDR002188,PTY002188,business,3707 New Address Ln,Fairview,MS,07183,US,True
ADDR002672,PTY002672,billing,7168 New Address Ln,Fairview,AR,02074,US,True
ADDR000840,PTY000840,primary,2157 New Address Ln,Salem,MT,25582,US,True
ADDR002220,PTY002220,primary,7598 New Address Ln,Riverside,MN,59451,US,True
ADDR002514,PTY002514,mailing,441 New Address Ln,Madison,HI,85843,US,True
ADDR001992,PTY001992,mailing,634 New Address Ln,Riverside,FM,87819,US,True
ADDR001742,PTY001742,risk_location,1026 New Address Ln,Madison,TX,72548,US,True
ADDR003624,PTY003624,primary,633 New Address Ln,Madison,VA,46736,US,True
ADDR003644,PTY003644,risk_location,4182 New Address Ln,Salem,AK,79227,US,True
ADDR004277,PTY004277,primary,6546 New Address Ln,Riverside,MH,35806,US,True
ADDR000139,PTY000139,mailing,8263 New Address Ln,Fairview,NY,48054,US,True
ADDR004931,PTY004931,primary,4756 New Address Ln,Salem,OR,89127,US,True
ADDR002146,PTY002146,business,5811 New Address Ln,Madison,VI,31408,US,True
ADDR000636,PTY000636,primary,2551 New Address Ln,Madison,PW,49404,US,True
ADDR003142,PTY003142,primary,622 New Address Ln,Riverside,ME,47781,US,True
ADDR001000,PTY001000,business,9537 New Address Ln,Riverside,PW,57869,US,True
ADDR000146,PTY000146,risk_location,8886 New Address Ln,Fairview,PR,94689,US,True
ADDR002313,PTY002313,mailing,6897 New Address Ln,Madison,OR,85734,US,True
ADDR004049,PTY004049,risk_location,4424 New Address Ln,Fairview,CA,44849,US,True
ADDR003618,PTY003618,billing,8495 New Address Ln,Riverside,AK,80825,US,True
ADDR003489,PTY003489,mailing,7941 New Address Ln,Springfield,RI,50365,US,True
ADDR002629,PTY002629,risk_location,6475 New Address Ln,Madison,AS,13926,US,True
ADDR004176,PTY004176,business,6857 New Address Ln,Madison,DE,57732,US,True
ADDR001927,PTY001927,mailing,4364 New Address Ln,Salem,IA,06696,US,True
ADDR004956,PTY004956,business,5069 New Address Ln,Georgetown,FM,41511,US,True
ADDR004380,PTY004380,risk_location,101 New Address Ln,Salem,IA,18504,US,True
ADDR000868,PTY000868,mailing,2916 New Address Ln,Springfield,WY,83395,US,True
ADDR002348,PTY002348,primary,4197 New Address Ln,Fairview,GU,17063,US,True
ADDR003264,PTY003264,primary,2932 New Address Ln,Madison,LA,18778,US,True
ADDR001708,PTY001708,risk_location,391 New Address Ln,Fairview,SD,40748,US,True
ADDR000559,PTY000559,billing,8760 New Address Ln,Fairview,NM,86321,US,True
ADDR004842,PTY004842,mailing,5011 New Address Ln,Riverside,MD,81784,US,True
ADDR002292,PTY002292,mailing,5373 New Address Ln,Georgetown,DE,42003,US,True
ADDR003718,PTY003718,primary,5973 New Address Ln,Georgetown,SD,84177,US,True
ADDR004015,PTY004015,primary,2743 New Address Ln,Riverside,DE,71190,US,True
ADDR002773,PTY002773,risk_location,6236 New Address Ln,Fairview,MA,57386,US,True
ADDR004878,PTY004878,primary,199 New Address Ln,Fairview,VT,24830,US,True
ADDR000698,PTY000698,primary,9061 New Address Ln,Georgetown,WI,37313,US,True
ADDR000163,PTY000163,business,7712 New Address Ln,Riverside,ME,50378,US,True
ADDR000390,PTY000390,primary,7986 New Address Ln,Madison,PR,89592,US,True
ADDR004613,PTY004613,mailing,5318 New Address Ln,Madison,MA,28093,US,True
ADDR000685,PTY000685,risk_location,3005 New Address Ln,Riverside,ME,34602,US,True
ADDR001063,PTY001063,mailing,9386 New Address Ln,Fairview,MT,58352,US,True
ADDR003359,PTY003359,risk_location,890 New Address Ln,Salem,IL,02400,US,True
ADDR001576,PTY001576,business,6636 New Address Ln,Salem,MP,98667,US,True
ADDR003469,PTY003469,mailing,9725 New Address Ln,Fairview,IL,57299,US,True
ADDR004804,PTY004804,primary,7752 New Address Ln,Fairview,NJ,52902,US,True
ADDR004741,PTY004741,primary,8294 New Address Ln,Springfield,WA,19232,US,True
ADDR000161,PTY000161,business,6600 New Address Ln,Riverside,NY,59592,US,True
ADDR000995,PTY000995,mailing,7039 New Address Ln,Salem,AR,78576,US,True
ADDR002625,PTY002625,business,5281 New Address Ln,Riverside,IA,63134,US,True
ADDR001787,PTY001787,primary,3631 New Address Ln,Madison,PW,33316,US,True
ADDR001669,PTY001669,primary,1154 New Address Ln,Springfield,ME,93396,US,True
ADDR000876,PTY000876,mailing,3767 New Address Ln,Madison,VI,50623,US,True
ADDR000105,PTY000105,primary,4152 New Address Ln,Georgetown,NY,74047,US,True
ADDR003521,PTY003521,risk_location,2667 New Address Ln,Fairview,IL,19435,US,True
ADDR002351,PTY002351,business,6777 New Address Ln,Fairview,SD,46249,US,True
ADDR001501,PTY001501,mailing,5689 New Address Ln,Springfield,IA,78336,US,True
ADDR001105,PTY001105,billing,3123 New Address Ln,Springfield,KS,57630,US,True
ADDR002350,PTY002350,risk_location,1025 New Address Ln,Springfield,RI,54816,US,True
ADDR001452,PTY001452,primary,7812 New Address Ln,Georgetown,KS,24066,US,True
ADDR003403,PTY003403,business,3627 New Address Ln,Madison,IN,92078,US,True
ADDR000858,PTY000858,business,4389 New Address Ln,Georgetown,CO,90738,US,True
ADDR002538,PTY002538,billing,5658 New Address Ln,Salem,MT,14020,US,True
ADDR001514,PTY001514,risk_location,213 New Address Ln,Fairview,TN,08444,US,True
ADDR003430,PTY003430,risk_location,9212 New Address Ln,Madison,CA,96842,US,True
ADDR003164,PTY003164,billing,7123 New Address Ln,Salem,FL,13095,US,True
ADDR000789,PTY000789,mailing,7219 New Address Ln,Riverside,HI,94586,US,True
ADDR000637,PTY000637,mailing,4638 New Address Ln,Madison,MS,76473,US,True
ADDR002204,PTY002204,mailing,2862 New Address Ln,Salem,AR,48276,US,True
ADDR004313,PTY004313,billing,2449 New Address Ln,Georgetown,VT,78410,US,True
ADDR002490,PTY002490,risk_location,9417 New Address Ln,Riverside,WI,45060,US,True
ADDR002050,PTY002050,primary,2325 New Address Ln,Georgetown,OK,80969,US,True
ADDR001297,PTY001297,business,7374 New Address Ln,Georgetown,SD,40361,US,True
ADDR002246,PTY002246,primary,3102 New Address Ln,Georgetown,MT,15530,US,True
ADDR001013,PTY001013,billing,8598 New Address Ln,Georgetown,MT,70697,US,True
ADDR000288,PTY000288,billing,9880 New Address Ln,Salem,VI,50206,US,True
ADDR000573,PTY000573,business,5014 New Address Ln,Salem,NY,98146,US,True
ADDR002055,PTY002055,business,7418 New Address Ln,Salem,NC,15978,US,True
ADDR003879,PTY003879,billing,7701 New Address Ln,Springfield,CO,77362,US,True
ADDR003205,PTY003205,billing,8028 New Address Ln,Springfield,SD,09527,US,True
ADDR001053,PTY001053,primary,7546 New Address Ln,Fairview,GU,16131,US,True
ADDR002382,PTY002382,risk_location,2087 New Address Ln,Riverside,VA,57615,US,True
ADDR004897,PTY004897,primary,8125 New Address Ln,Springfield,NC,08359,US,True
ADDR003968,PTY003968,risk_location,6342 New Address Ln,Georgetown,DE,66033,US,True
ADDR001782,PTY001782,primary,5250 New Address Ln,Springfield,MD,32697,US,True
ADDR004110,PTY004110,mailing,3300 New Address Ln,Fairview,UT,32944,US,True
ADDR002512,PTY002512,risk_location,2094 New Address Ln,Salem,FL,14862,US,True
ADDR003670,PTY003670,mailing,7139 New Address Ln,Salem,FL,30354,US,True
ADDR002067,PTY002067,primary,105 New Address Ln,Springfield,KY,96021,US,True
ADDR004097,PTY004097,billing,2169 New Address Ln,Salem,RI,90978,US,True
ADDR002073,PTY002073,risk_location,3193 New Address Ln,Fairview,DC,02658,US,True
ADDR001511,PTY001511,risk_location,3715 New Address Ln,Riverside,FL,24386,US,True
ADDR003764,PTY003764,mailing,431 New Address Ln,Riverside,RI,84395,US,True
ADDR002321,PTY002321,business,1085 New Address Ln,Springfield,NY,20599,US,True
ADDR001221,PTY001221,business,3388 New Address Ln,Springfield,PW,95143,US,True
ADDR001560,PTY001560,risk_location,3254 New Address Ln,Fairview,OR,93528,US,True
ADDR002697,PTY002697,risk_location,9985 New Address Ln,Fairview,CA,30062,US,True
